loss,grad_norm,learning_rate,epoch,step,train_runtime,train_samples_per_second,train_steps_per_second,total_flos,train_loss
0.6048,0.22260312736034393,0.05,0.09090909090909091,1,,,,,
1.2831,0.35591334104537964,0.15862068965517243,0.9090909090909091,10,,,,,
0.1302,4.556225394480862e-05,0.08965517241379312,1.8181818181818183,20,,,,,
0.0015,1.6522111764061265e-05,0.020689655172413793,2.7272727272727275,30,,,,,
,,,3.0,33,2.278,55.313,14.487,0.0,0.408169853647423
